Product Type,Product Name,Annual Fee,Benefits,Ideal For
Credit Card,Wells Fargo Active Cash® Card,$0,2% unlimited cash rewards on all purchases,Consumers looking for a straightforward cash-back card with unlimited rewards.
Credit Card,Wells Fargo Reflect® Card,$0,Up to 21 months of 0% intro APR on purchases and balance transfers,Individuals needing a long 0% APR period for balance transfers and large purchases.
Credit Card,Wells Fargo Autograph® Card,$0,"3X points on dining, travel, gas stations, transit, streaming, phone plans",Frequent travelers and entertainment seekers who want high reward multipliers.
Credit Card,Wells Fargo Autograph Journey℠ Card,$95,"5X points on hotels, 4X on airlines, 3X on travel and dining",Luxury travelers who frequently book hotels and flights for premium rewards.
Credit Card,Wells Fargo Choice Privileges® Select Mastercard®,$95,"10X points on Choice Hotels, 5X on gas, grocery, home improvement, phone plans",Loyal customers of Choice Hotels who want high rewards for hotel stays.
Credit Card,Wells Fargo Attune℠ Card,$0,"4% unlimited cash rewards on select categories (self-care, eco-friendly, entertainment)",Health-conscious consumers and those who prioritize sustainable spending.
Credit Card,Bilt World Elite Mastercard®,$0,"1X on rent (no fee), 2X on travel, 3X on dining, 1X on other purchases",Renters who want to earn rewards on rent payments without extra fees.
Loan,Personal Loan,,"Competitive APRs, No Origination Fees, Flexible repayment terms",Existing Wells Fargo customers with good credit (700+) looking for flexible personal loans.
Loan,Auto Loan,,"Competitive rates, Finance up to $300K",Individuals seeking competitive auto financing for new or used vehicles.
Loan,Home Loan (Mortgage),,"Variety of mortgage options, Home Equity Lines of Credit",Homebuyers and existing homeowners looking for mortgages or home equity financing.
Loan,Student Loan,,"Undergraduate and graduate loans, Student loan refinancing",Undergraduate and graduate students needing flexible student loan options.
Loan,Business Loan,,"Secured and unsecured options, Flexible loan amounts",Small and medium-sized business owners seeking secured or unsecured financing.
Banking,Checking Account,,"Easy access to funds, online & mobile banking, debit card",Individuals needing daily transactional banking.
Banking,Savings Account,,"Earns interest, secure storage, withdrawal flexibility",Individuals looking to save money while earning interest.
Banking,Certificate of Deposit (CD),,"Fixed interest rate, higher returns than savings accounts",Customers looking for a secure investment with a fixed term.
Banking,Money Market Account,,"Higher interest rates, check-writing privileges",Customers seeking a balance between savings and accessibility.
Banking,IRA (Individual Retirement Account),,Tax-advantaged retirement savings,Individuals planning for long-term retirement savings.
Banking,Business Checking Account,,"Business transactions, payroll, cash flow management",Small business owners managing daily financial operations.
Banking,Business Savings Account,,"Earns interest, helps build business reserves",Businesses looking to save for future expenses or emergencies.
Banking,Wealth Management Services,,Personalized investment and financial planning,High-net-worth individuals seeking professional financial advice.
